{"train_loss": 0.5731812715530396, "_timestamp": 1678752386.4123142, "_runtime": 33.683101177215576, "_step": 884, "_wandb": {"runtime": 33}}